Wirelength,RoutingLayers,PlacementDensity,TimingSlack,PowerConsumption
13.528104691935328,4,0.962412436836311,0.6471895308064672,67.05620938387065
10.800314416734446,7,0.8211396648570468,2.4199685583265556,91.60062883346889
11.957475968211478,7,0.7581815732982251,2.304252403178852,93.91495193642295
14.481786398402916,5,0.7836202778541239,1.0518213601597084,78.96357279680583
13.735115980299934,9,0.7682278189823409,3.1264884019700068,117.47023196059988
8.045444240247178,5,0.5683849683895454,1.695455575975282,66.09088848049436
11.900176835051179,9,0.8357841628611073,3.309982316494882,113.80035367010235
9.697285583404604,8,0.5893585533933832,3.0302714416595395,99.39457116680921
9.793562296412885,5,0.9190877477092243,1.5206437703587115,69.58712459282577
10.821197003876744,7,0.5314534806252973,2.4178802996123254,91.6423940077535
10.288087142321755,7,0.9772004402849136,2.4711912857678247,90.57617428464351
12.90854701392595,7,0.5744793255671788,2.209145298607405,95.81709402785191
11.522075450293986,5,0.5777366104726038,1.3477924549706013,73.04415090058797
10.243350032985656,6,0.5350443819309176,1.9756649967014344,80.48670006597132
10.887726465490852,9,0.5749077517605317,3.411227353450915,111.7754529309817
10.667348654748533,4,0.7869968519043865,0.9332651345251466,61.334697309497066
12.988158146315213,8,0.6784519608172923,2.7011841853684784,105.97631629263043
9.589683472468398,6,0.9669199940679818,2.0410316527531602,79.17936694493679
10.626135403301802,4,0.6831635804866276,0.9373864596698198,61.252270806603605
8.29180852139655,5,0.963070689160537,1.670819147860345,66.5836170427931
4.894020368331843,9,0.5292837035019129,4.010597963166815,99.78804073666369
11.307237190880722,8,0.6099699868905694,2.8692762809119277,102.61447438176144
11.728872397719012,8,0.9213390058639574,2.8271127602280988,103.45774479543803
8.515669959187116,5,0.5818365371207486,1.6484330040812885,67.03133991837423
14.539509247975214,9,0.6301262692251419,3.0460490752024785,119.07901849595044
7.091268650802471,6,0.6856086940572392,2.290873134919753,74.18253730160494
10.091517034602893,4,0.7920992347155111,0.9908482965397107,60.18303406920579
9.625632299948332,7,0.6961555560365202,2.5374367700051668,89.25126459989667
13.065558428716916,9,0.6340865494281446,3.193444157128308,116.13111685743382
12.938717539800571,7,0.7434720882223242,2.2061282460199427,95.87743507960114
10.309894851393832,9,0.765929543493503,3.4690105148606167,110.61978970278767
10.756325039204347,4,0.9812051373044157,0.9243674960795654,61.5126500784087
8.224428504739775,7,0.8379773077601316,2.6775571495260224,86.44885700947955
6.038407063552146,6,0.5960866230535198,2.3961592936447853,72.07681412710429
9.304175701347695,9,0.8806651380063997,3.5695824298652306,108.60835140269539
10.31269793820796,5,0.9905708843291543,1.468730206179204,70.62539587641592
12.460581361455441,9,0.575357571917253,3.2539418638544557,114.92116272291088
12.404759697568823,7,0.5811259051357005,2.2595240302431177,94.80951939513764
9.225346365184095,5,0.5573404937144226,1.5774653634815905,68.45069273036819
9.39539449884933,9,0.6453807348487383,3.5604605501150672,108.79078899769866
7.902894069865814,7,0.8479871092371716,2.7097105930134187,85.80578813973163
7.15996412564205,7,0.6663884232490833,2.784003587435795,84.3199282512841
6.587459618749975,8,0.5477283077757402,3.3412540381250024,93.17491923749995
13.90155079046358,7,0.8149509348768871,2.109844920953642,97.80310158092716
8.980695636496693,8,0.8875691048043461,3.101930436350331,97.96139127299338
9.123851396777628,4,0.7025207451416187,1.0876148603222373,58.247702793555256
7.494409279900148,7,0.8334084748609193,2.750559072009985,84.9888185598003
11.55498071166382,9,0.7945155613183772,3.344501928833618,113.10996142332763
6.772204304884097,7,0.8218220067972322,2.8227795695115905,83.5444086097682
9.574519439572063,7,0.7109410680052302,2.5425480560427935,89.14903887914413
8.20906687761265,8,0.7385497421217243,3.1790933122387353,96.4181337552253
10.773804995718525,7,0.9074748038099971,2.4226195004281474,91.54760999143704
8.978389724862254,6,0.7935610023774164,2.1021610275137745,77.95677944972451
7.638735631755176,4,0.5471440515624619,1.2361264368244824,55.27747126351035
9.94363554332269,5,0.5149268522716484,1.505636445667731,69.88727108664538
10.856663741060835,9,0.755625808991282,3.4143336258939163,111.71332748212167
10.133034444766336,5,0.7723299118256903,1.4866965555233664,70.26606888953268
10.604943795479564,8,0.9080840438971574,2.9395056204520436,101.20988759095913
8.731355812638073,9,0.8652184110973034,3.6268644187361927,107.46271162527614
9.274517668025723,4,0.6126914592040287,1.0725482331974276,58.549035336051446
8.655079104448099,4,0.8967985210710301,1.1344920895551902,57.3101582088962
9.280893676918918,5,0.8145578119411445,1.571910632308108,68.56178735383784
8.373707435911092,8,0.6166354912801659,3.162629256408891,96.74741487182219
6.547434795336646,6,0.7579366965927143,2.3452565204663354,73.0948695906733
10.354852284507505,4,0.620013829630482,0.9645147715492495,60.70970456901501
9.196438127583477,9,0.8608614354385973,3.5803561872416525,108.39287625516695
6.739603306067911,5,0.6509327704060273,1.8260396693932088,63.479206612135826
10.92556451105155,6,0.7483722118044491,1.9074435488948451,81.8511290221031
8.185403271233515,6,0.9490981409432511,2.1814596728766484,76.37080654246702
10.103890791592278,6,0.9936806923069957,1.9896109208407722,80.20778158318456
11.458181124355074,9,0.9789493270221117,3.3541818875644926,112.91636224871014
10.257965821514821,7,0.885233198308349,2.4742034178485177,90.51593164302965
12.278801369086601,6,0.5681016324054472,1.7721198630913397,84.5576027381732
7.530348359292695,6,0.7339735497993829,2.2469651640707307,75.06069671858539
10.804683282355098,9,0.9841427583804434,3.4195316717644904,111.6093665647102
8.630379818119373,5,0.6765047959746038,1.6369620181880626,67.26075963623875
8.258405701636237,8,0.5797482742948433,3.1741594298363762,96.51681140327247
8.842300670471168,7,0.5956562778657758,2.615769932952883,87.68460134094234
9.376894935745256,5,0.7746741610317568,1.5623105064254745,68.75378987149051
10.11233068445949,9,0.5108509057791167,3.488766931554051,110.22466136891899
7.6697003184332875,5,0.8851307202027417,1.7330299681566712,65.33940063686657
11.801652973908375,6,0.69628451165565,1.8198347026091624,83.60330594781675
10.93132487946092,7,0.6116791074871142,2.406867512053908,91.86264975892183
6.9275126274455525,8,0.6457983397127053,3.3072487372554447,93.8550252548911
12.976504387591199,8,0.9015720401457339,2.7023495612408803,105.9530087751824
13.791778352061167,5,0.5185905710185967,1.1208221647938832,77.58355670412233
12.357559142319301,7,0.8856604267598402,2.2642440857680697,94.7151182846386
9.640150328375299,5,0.8811484562798695,1.5359849671624701,69.2803006567506
7.858494756978915,9,0.5407706095457285,3.7141505243021085,105.71698951395783
12.108903453862274,5,0.9155181945383466,1.2891096546137726,74.21780690772455
9.193646106053642,8,0.5860210817959297,3.0806353893946357,98.38729221210728
12.444890140764855,8,0.5682161845102348,2.7555109859235145,104.88978028152971
10.416549956153721,5,0.5832005980856944,1.4583450043846278,70.83309991230745
11.953278072967425,8,0.5013790044656196,2.8046721927032574,103.90655614593484
10.712732794348804,9,0.7667283446330198,3.4287267205651197,111.4254655886976
11.413146336383896,8,0.6844879257993493,2.8586853663616103,102.82629267276779
10.02100004144164,6,0.5716266152794176,1.9978999958558359,80.04200008288328
13.57174098781167,6,0.9343642884888798,1.6428259012188329,87.14348197562335
10.25382418540724,4,0.7531008332036075,0.9746175814592759,60.50764837081448
10.803978726889403,9,0.6743540344384964,3.4196021273110597,111.60795745377881
13.766301394112508,4,0.7663602892483199,0.623369860588749,67.53260278822502
7.304481877715107,5,0.9046059510417721,1.7695518122284892,64.60896375543021
7.459030003028532,5,0.5854674029920522,1.7540969996971467,64.91806000605706
11.938793416316022,5,0.9328383047331377,1.3061206583683977,73.87758683263205
7.65375318977168,5,0.7927223979148132,1.734624681022832,65.30750637954336
13.887242371298585,8,0.8077659472652179,2.6112757628701413,107.77448474259717
9.172762038480505,4,0.7942710862703422,1.0827237961519494,58.34552407696101
8.505090377118485,5,0.6106595596075437,1.6494909622881515,67.01018075423697
13.84588405296077,6,0.5923692693870393,1.615411594703923,87.69176810592154
12.961029582868848,8,0.7386761579385803,2.703897041713115,105.92205916573769
13.73511792085314,4,0.6781713673695572,0.6264882079146858,67.47023584170628
11.81208931655077,9,0.6204181745020225,3.3187910683449227,113.62417863310154
8.277548629890594,8,0.7906346479730157,3.1722451370109406,96.55509725978119
13.820129906198067,7,0.9280922952047949,2.117987009380193,97.64025981239614
9.46399325809724,5,0.778448867925168,1.553600674190276,68.92798651619448
11.60491279159279,6,0.9532616147041333,1.839508720840721,83.20982558318558
11.894503935547496,9,0.8583975040416845,3.3105496064452504,113.789007871095
9.689979813818331,4,0.9502186388168101,1.031002018618167,59.379959627636666
11.22815874069216,8,0.6008553637028817,2.8771841259307838,102.45631748138432
11.844413343133054,4,0.793668299819243,0.8155586656866947,63.68882668626611
10.752851062311258,7,0.6773388746394599,2.424714893768874,91.50570212462252
7.801198418831611,6,0.871852553412118,2.219880158116839,75.60239683766322
10.596476348412113,9,0.724939834203407,3.4403523651587884,111.19295269682422
12.652771793374061,8,0.7060905784906373,2.7347228206625935,105.30554358674812
8.61086428053727,9,0.5714893913096928,3.638913571946273,107.22172856107454
9.70073091934466,7,0.6772772373402953,2.529926908065534,89.40146183868931
9.129692896556724,6,0.8339017226703624,2.0870307103443277,78.25938579311345
13.698527456958683,5,0.7543862843408794,1.1301472543041315,77.39705491391737
11.344589514024872,4,0.7595659575741904,0.8655410485975128,62.68917902804974
10.814923672482221,7,0.8240829361780877,2.418507632751778,91.62984734496445
8.460167851109368,9,0.6379187760348729,3.653983214889063,106.92033570221874
11.078498382583634,9,0.6103731306926674,3.3921501617416365,112.15699676516726
8.651334678685249,4,0.9838792898523143,1.134866532131475,57.3026693573705
10.063661116548703,4,0.5689156511082274,0.9936338883451297,60.1273222330974
8.728307843242238,7,0.5404990923625377,2.627169215675776,87.45661568648447
11.352866589892999,7,0.8518251728577921,2.3647133410106997,92.705733179786
11.153181633229881,8,0.8235626607863565,2.8846818366770117,102.30636326645975
9.58340248884401,6,0.6854866259890458,2.041659751115599,79.16680497768802
10.79201342532329,9,0.5383931228330553,3.420798657467671,111.58402685064658
7.813876982538988,5,0.6397649716894072,1.7186123017461012,65.62775396507797
7.017484814588789,6,0.5311122849919703,2.298251518541121,74.03496962917758
10.878783402529073,9,0.9945606527188753,3.4121216597470925,111.75756680505815
10.333346990745058,9,0.8477036766317676,3.466665300925494,110.66669398149011
11.270062873784212,5,0.7159465500876887,1.3729937126215788,72.54012574756842
14.766289549727883,5,0.9598649865612314,1.0233710450272115,79.53257909945577
11.888958973980827,8,0.7827228758559358,2.8111041026019175,103.77791794796165
8.174355549111683,6,0.8556374862337464,2.1825644450888317,76.34871109822336
12.234032576191705,7,0.7533848721834828,2.2765967423808293,94.46806515238342
7.368185178976958,4,0.9132389758598647,1.2631814821023042,54.736370357953916
9.076830790370582,9,0.9912232466685609,3.5923169209629418,108.15366158074116
9.863516789350738,8,0.706063930373357,3.013648321064926,99.72703357870148
13.426685443298734,8,0.5736486640724261,2.6573314556701266,106.85337088659747
8.51049035590312,8,0.7009222589559698,3.1489509644096882,97.02098071180623
8.34712292268197,7,0.8988559587899738,2.665287707731803,86.69424584536394
9.803094951149136,9,0.5000933569662546,3.5196905048850864,109.60618990229827
8.673043427275786,4,0.9772973910600884,1.1326956572724214,57.34608685455157
12.253271844213014,5,0.8312572372687481,1.2746728155786986,74.50654368842604
7.840136983273153,9,0.6553239190796403,3.7159863016726846,105.68027396654631
7.705062695177795,7,0.7449106852110277,2.72949373048222,85.41012539035559
9.124359910511131,6,0.6320363718419507,2.087564008948887,78.24871982102226
9.00393509861539,6,0.7179656421332375,2.099606490138461,78.00787019723077
13.859064107633971,7,0.8191095500158154,2.114093589236603,97.71812821526794
11.898841613851522,8,0.837038644495522,2.8101158386148475,103.79768322770305
10.175102482770383,7,0.6613866718401735,2.4824897517229614,90.35020496554077
7.549128962339664,9,0.5114831200294149,3.745087103766034,105.09825792467933
11.688725952803095,4,0.6885971602545902,0.8311274047196904,63.37745190560619
7.99956930522087,9,0.6876889988104411,3.700043069477913,105.99913861044175
6.910457806444777,5,0.7060122096098909,1.8089542193555221,63.82091561288955
12.376059584704603,5,0.9828627365867295,1.2623940415295396,74.75211916940921
10.633885223849699,5,0.9850484878096022,1.43661147761503,71.2677704476994
11.841717647561637,9,0.5743570664279434,3.315828235243836,113.68343529512327
10.637455305886043,5,0.9567163049812611,1.4362544694113957,71.27491061177209
11.713661223805381,8,0.9892298218289368,2.8286338776194615,103.42732244761076
8.697948813399707,9,0.6283237533579639,3.6302051186600295,107.39589762679941
7.931514316431071,9,0.8705119500977373,3.706848568356893,105.86302863286214
11.363189036563254,6,0.5877274249434581,1.8636810963436745,82.72637807312651
8.393180671652317,6,0.7359828193819065,2.1606819328347684,76.78636134330463
8.620900444499599,7,0.8036022989794462,2.63790995555004,87.2418008889992
9.088934992965314,5,0.5897942401060312,1.5911065007034686,68.17786998593063
10.034958318050114,6,0.7735920467607549,1.9965041681949887,80.06991663610023
9.292012177493032,4,0.869415647696461,1.0707987822506968,58.58402435498606
7.250097413163962,7,0.8337088801512276,2.7749902586836037,84.50019482632793
8.712763194334219,8,0.8153732471960538,3.128723680566578,97.42552638866843
5.553193695551147,6,0.5602161211008797,2.444680630444885,71.10638739110229
11.250462902054375,5,0.9781947570359841,1.3749537097945626,72.50092580410875
6.795884688786504,8,0.5704585205035924,3.3204115311213496,93.591769377573
7.791233321143099,4,0.8061190044216325,1.22087666788569,55.5824666422862
10.104330158521948,4,0.5647657005340131,0.9895669841478052,60.20866031704389
8.520874007217373,4,0.769851669622343,1.1479125992782628,57.041748014434745
13.086029190813472,8,0.93371681501588,2.6913970809186525,106.17205838162694
7.414286180553103,9,0.8151427157676997,3.7585713819446895,104.82857236110621
10.534101738698366,6,0.9542933431402709,1.9465898261301633,81.06820347739674
9.921434363545009,6,0.8292721334431572,2.007856563645499,79.84286872709002
7.663813004517605,9,0.7276998496563789,3.7336186995482397,105.32762600903521
11.046553321063508,9,0.7334311338496827,3.3953446678936494,112.09310664212701
9.656907337555504,5,0.6058187556104839,1.5343092662444495,69.313814675111
11.543581102427336,9,0.9769305140496494,3.3456418897572666,113.08716220485468
11.647008307927463,8,0.6554629972944861,2.8352991692072536,103.29401661585493
14.32647189856138,6,0.6999729398438717,1.5673528101438619,88.65294379712276
12.673055898872784,9,0.5148947717585737,3.2326944101127215,115.34611179774556
9.261636324115113,7,0.6940030553670586,2.5738363675884885,88.52327264823023
9.521241644848148,5,0.558352878462065,1.5478758355151852,69.04248328969629
12.199319191774226,6,0.5957127702034568,1.7800680808225773,84.39863838354844
11.310527461445195,7,0.8947691527762368,2.36894725385548,92.6210549228904
11.280263052195185,5,0.7360950322147612,1.3719736947804815,72.56052610439036
6.766087911378332,4,0.9188695399310898,1.3233912088621667,53.53217582275666
9.951347751202128,4,0.6614244527557902,1.0048652248797871,59.902695502404256
8.523938181588623,7,0.6915980501748644,2.647606181841138,87.04787636317724
10.559849198086477,4,0.9160672946334113,0.9440150801913523,61.11969839617295
9.803699220714083,7,0.5338157663129282,2.519630077928592,89.60739844142816
11.820357816185183,5,0.9102112259935885,1.3179642183814817,73.64071563237036
10.634436430382603,6,0.6026949788109277,1.9365563569617397,81.26887286076521
11.572655924217953,5,0.8274651910751258,1.3427344075782046,73.14531184843591
9.067161806528114,7,0.7664347478309894,2.5932838193471888,88.13432361305622
8.1111074881635,8,0.8946427446373112,3.18888925118365,96.222214976327
9.179900613594903,8,0.883248936765163,3.0820099386405095,98.3598012271898
9.965959172277119,9,0.7877020044510636,3.5034040827722883,109.93191834455423
10.758303471110164,9,0.7903446493284815,3.424169652888984,111.51660694222033
14.518617901381704,9,0.8671805137320181,3.0481382098618295,119.0372358027634
9.915485696678715,7,0.8052816227219362,2.5084514303321286,89.83097139335743
8.088109999014446,4,0.7794958181151299,1.1911890000985554,56.17621999802889
9.308036448601227,7,0.7488476765586722,2.5691963551398773,88.61607289720246
9.072808050707811,9,0.9787549027991985,3.5927191949292188,108.14561610141563
10.962962947546924,6,0.6106199731713173,1.9037037052453076,81.92592589509385
6.918405971110751,5,0.7185471228347498,1.8081594028889247,63.8368119422215
10.126523988400663,7,0.709393697285531,2.4873476011599336,90.25304797680133
10.313013075930751,9,0.7932782026672952,3.4686986924069245,110.62602615186151
10.46436207240055,6,0.8418914636679582,1.953563792759945,80.9287241448011
8.805367862069275,8,0.6113855523172093,3.1194632137930727,97.61073572413855
9.524156540527986,7,0.7809288084554427,2.547584345947201,89.04831308105597
7.151878182034936,4,0.9601943979050631,1.2848121817965064,54.30375636406987
9.013360233275613,9,0.6171735466305543,3.5986639766724386,108.02672046655123
8.914277047966564,7,0.5554019855595211,2.6085722952033437,87.82855409593313
10.83210009252285,9,0.6396162072829004,3.4167899907477146,111.6642001850457
7.687635136356175,8,0.7763703681210194,3.2312364863643825,95.37527027271236
11.562396203419986,9,0.726240741550426,3.3437603796580015,113.12479240683997
12.988969088982738,9,0.7201928624501277,3.201103091101726,115.97793817796548
5.860029949972935,6,0.8270992823339467,2.4139970050027064,71.72005989994587
10.852517461556202,7,0.958242699373245,2.4147482538443796,91.70503492311241
11.35381607006049,7,0.5929313263372453,2.364618392993951,92.70763214012098
8.725125948895542,9,0.6742868170796044,3.627487405110446,107.45025189779108
9.205456371342404,4,0.6925825068404763,1.0794543628657596,58.41091274268481
9.73423884482609,7,0.5766851735495007,2.526576115517391,89.46847768965218
9.404418241196543,5,0.9452523773588642,1.5595581758803456,68.80883648239309
9.381974061905755,7,0.9662217084705674,2.5618025938094244,88.7639481238115
6.647992387340047,6,0.9996040000940221,2.3352007612659955,73.2959847746801
12.30466312956624,5,0.6186040315909268,1.269533687043376,74.60932625913247
12.159237184073643,4,0.5358759512378308,0.7840762815926356,64.31847436814729
8.373271481591594,6,0.5741867866289375,2.1626728518408407,76.74654296318319
7.067151344394972,4,0.9104328248343767,1.2932848655605027,54.134302688789944
11.042129752905517,7,0.9648390901502826,2.395787024709448,92.08425950581103
8.848424060373867,7,0.6779490383283253,2.6151575939626133,87.69684812074773
10.28390632664156,7,0.9812480854868699,2.471609367335844,90.56781265328311
9.36134316570981,8,0.8984757964445154,3.063865683429019,98.72268633141962
11.383077502140374,8,0.676746358957307,2.8616922497859623,102.76615500428075
11.389498287312012,8,0.925476457610916,2.861050171268799,102.77899657462402
8.548805243072831,5,0.8205028499244993,1.645119475692717,67.09761048614567
7.233272089209889,8,0.7232417913990986,3.276672791079011,94.46654417841978
6.834123205329837,9,0.7259627916123524,3.816587679467016,103.66824641065968
11.22075875821441,9,0.981059883818953,3.377924124178559,112.44151751642882
7.622281484431943,7,0.646511418233413,2.737771851556806,85.24456296886389
8.986367291402624,7,0.8348474158970627,2.6013632708597374,87.97273458280524
8.807371923098984,4,0.9021050928794053,1.1192628076901014,57.61474384619797
9.894865407460907,6,0.6926917261912195,2.010513459253909,79.78973081492181
6.127440388306987,6,0.7321450065325574,2.387255961169301,72.25488077661397
10.377557193587657,5,0.8211356848288398,1.4622442806412341,70.75511438717531
11.047782047668411,6,0.7938906131150818,1.895221795233159,82.09556409533683
10.176844174089323,5,0.8666129359460977,1.4823155825910677,70.35368834817865
9.378227656603057,4,0.9278232607173728,1.0621772343396942,58.75645531320612
10.194800332537566,7,0.7708716590822309,2.480519966746243,90.38960066507514
10.79809269128026,7,0.979709796284855,2.420190730871974,91.59618538256052
4.4548144871467,5,0.6405677951909805,2.05451855128533,58.9096289742934
13.911824616501388,8,0.5333783993258713,2.608817538349861,107.82364923300278
10.780186645375853,4,0.6921768661451477,0.9219813354624147,61.560373290751706
8.69518283522596,9,0.982046471410708,3.630481716477404,107.39036567045193
9.218093249624797,7,0.8819666822596426,2.5781906750375203,88.4361864992496
10.987483554698377,7,0.598445994938934,2.401251644530162,91.97496710939676
9.767792121931267,4,0.989852818526528,1.0232207878068733,59.53558424386253
5.938631064437011,9,0.8512086701264826,3.906136893556299,101.87726212887402
14.128985722718639,9,0.8996179630349427,3.087101427728136,118.25797144543728
9.778918685535055,5,0.5269345520937989,1.5221081314464944,69.55783737107011
12.0403454234316,8,0.8613287076587695,2.7959654576568402,104.0806908468632
8.615900304431218,5,0.7418131528910021,1.6384099695568781,67.23180060886244
13.072754108491596,4,0.897463158829189,0.6927245891508402,66.14550821698319
10.57268737778456,6,0.8580288561548247,1.942731262221544,81.14537475556912
11.217687668950902,5,0.5882093807067997,1.3782312331049098,72.4353753379018
7.9094932677060905,6,0.959360024229873,2.209050673229391,75.81898653541218
12.422290579365402,4,0.7888532314258432,0.7577709420634597,64.8445811587308
11.379636329069577,9,0.6928630552302362,3.362036367093042,112.75927265813915
12.603692459129997,6,0.6138531985866978,1.7396307540870002,85.20738491825999
8.743824880716842,7,0.8917695976111286,2.625617511928316,87.48764976143369
9.037945763078424,6,0.9853511953887873,2.0962054236921577,78.07589152615685
14.607833395367884,8,0.8677601868186998,2.539216660463212,109.21566679073577
7.8799683545569055,8,0.8049318075952465,3.2120031645443095,95.75993670911382
9.728100598643358,4,0.9751681049312588,1.0271899401356641,59.45620119728672
12.27378272520539,8,0.8557858000744394,2.7726217274794607,104.54756545041079
10.19544993542971,9,0.7282363239204578,3.4804550064570288,110.39089987085941
11.165907359506587,9,0.6608269207218986,3.383409264049341,112.33181471901318
9.20110194147425,6,0.5943526831208408,2.079889805852575,78.4022038829485
10.740111775695038,7,0.9368403751191363,2.4259888224304964,91.48022355139008
7.386946296529366,4,0.8614446097541026,1.2613053703470634,54.77389259305873
13.316261359236377,5,0.989039456788857,1.1683738640763623,76.63252271847276
9.763671909742861,7,0.5376016903726861,2.523632809025714,89.52734381948572
8.6396435920063,5,0.6573620291516447,1.6360356407993701,67.2792871840126
11.332766164063829,4,0.7032312710215576,0.866723383593617,62.665532328127654
9.078560425222893,5,0.9812711757959128,1.5921439574777105,68.15712085044578
7.331483057194493,7,0.7953932919192169,2.7668516942805508,84.66296611438898
7.306564988404889,8,0.8400418920245103,3.269343501159511,94.61312997680977
11.387546305380265,4,0.6354311843377857,0.8612453694619735,62.77509261076053
9.680853123707466,8,0.628744153262798,3.0319146876292535,99.36170624741493
9.732596880663122,8,0.6713858581340277,3.026740311933688,99.46519376132625
12.155487611952525,8,0.5419984736390786,2.7844512388047473,104.31097522390505
7.746348382486513,7,0.9697577965506734,2.725365161751349,85.49269676497303
8.53864449427035,9,0.7025805295321045,3.646135550572965,107.0772889885407
9.230240381637449,6,0.6002508087005716,2.076975961836255,78.4604807632749
10.188703178634148,8,0.6719070176866895,2.981129682136585,100.3774063572683
9.915657097418842,6,0.5978945188436744,2.0084342902581156,79.83131419483769
9.426225615220185,4,0.6279196391680373,1.0573774384779815,58.852451230440366
9.876747195808704,5,0.8787979834616464,1.5123252804191294,69.75349439161741
9.78538944741765,8,0.6190110226154195,3.021461055258235,99.5707788948353
8.560791222896414,9,0.8494217156628079,3.6439208777103587,107.12158244579282
8.374014022891846,6,0.7966827597373476,2.1625985977108155,76.74802804578368
10.54903271544788,4,0.572541447054194,0.9450967284552121,61.09806543089576
8.218169834008943,7,0.8818543065738873,2.678183016599106,86.4363396680179
7.685289481618293,9,0.9264362473172241,3.7314710518381706,105.37057896323658
9.375415497748614,9,0.9779937290431617,3.5624584502251384,108.75083099549722
9.684665967672368,4,0.9794996747113335,1.0315334032327632,59.36933193534473
14.513446994596418,7,0.8531853987447809,2.048655300540358,99.02689398919284
8.590599448287533,5,0.645672269504403,1.6409400551712467,67.18119889657507
11.88652144993899,5,0.5189558341390617,1.311347855006101,73.77304289987798
11.494376668409263,9,0.6951152095416535,3.3505623331590737,112.98875333681852
7.622110089592528,6,0.8665633041802991,2.2377889910407474,75.24422017918505
11.5465059548052,7,0.9703193064969533,2.34534940451948,93.0930119096104
7.6322387196133645,7,0.5567701812042767,2.7367761280386635,85.26447743922672
4.681655524006518,9,0.7711209701148452,4.031834447599348,99.36331104801303
11.212639048718762,5,0.7373868589183343,1.3787360951281238,72.42527809743753
6.488218833124561,9,0.5228641521662036,3.851178116687544,102.97643766624913
10.90186892361183,9,0.8253387100638945,3.4098131076388167,111.80373784722366
8.631978204525566,4,0.9362898463210967,1.1368021795474434,57.26395640905113
13.319101592379745,4,0.730926303321529,0.6680898407620255,66.63820318475949
12.137018798632019,6,0.7616328612884616,1.786298120136798,84.27403759726404
9.093228392297224,5,0.5888949345293069,1.5906771607702774,68.18645678459444
8.624324777942636,5,0.5605592448323646,1.6375675222057362,67.24864955588527
7.571845193811759,8,0.8069239217021221,3.242815480618824,95.14369038762352
9.118154735414818,9,0.8582050624303759,3.588184526458518,108.23630947082964
9.439289009630983,6,0.6437516864409203,2.0560710990369016,78.87857801926197
9.27061291121663,5,0.7497252532636742,1.572938708878337,68.54122582243326
10.313407710544729,8,0.9790296939654243,2.968659228945527,100.62681542108946
11.157042995457758,7,0.5166617713505793,2.3842957004542242,92.31408599091552
10.699308913986348,9,0.6179067082350671,3.430069108601365,111.3986178279727
8.471712152187115,8,0.5515266268383616,3.1528287847812884,96.94342430437423
7.1244170523968435,5,0.910996216285285,1.7875582947603155,64.24883410479369
12.729063696204943,4,0.9961217272961509,0.7270936303795057,65.45812739240989
8.621101630900124,6,0.5798645033170191,2.1378898369099875,77.24220326180026
8.695412800129962,7,0.8759504515403502,2.6304587199870038,87.39082560025992
8.957621375397778,9,0.6436894874440071,3.6042378624602223,107.91524275079556
6.313860899686703,4,0.6643723255600156,1.3686139100313297,52.627721799373404
9.044051991919027,6,0.9649240472369551,2.0955948008080973,78.08810398383805
9.040688371984105,7,0.8562615686013884,2.5959311628015893,88.0813767439682
11.240716596687026,7,0.9060372517936939,2.3759283403312974,92.48143319337404
11.396914298214671,9,0.7273807187955557,3.3603085701785327,112.79382859642934
10.00754177817254,9,0.6636313391550872,3.499245822182746,110.01508355634508
11.863696748228607,5,0.569153373164586,1.3136303251771393,73.72739349645721
10.679929967602524,8,0.8126890898773871,2.9320070032397476,101.35985993520505
9.96863577679489,9,0.8399175368283066,3.503136422320511,109.93727155358978
10.321856336596445,4,0.9651987145461675,0.9678143663403553,60.643712673192894
9.618693012837202,9,0.5625769690666023,3.5381306987162797,109.2373860256744
9.2103009719331,8,0.8685302230756803,3.07896990280669,98.4206019438662
9.464532926212067,5,0.773270008159886,1.5535467073787932,68.92906585242413
7.743977337059986,5,0.728665053385056,1.7256022662940014,65.48795467411998
10.560883410632592,4,0.8764591899673375,0.9439116589367409,61.12176682126518
8.013752778140839,7,0.8036377576165751,2.698624722185916,86.02750555628168
11.683262528147273,6,0.5513772218480231,1.8316737471852726,83.36652505629455
9.501082839678102,7,0.7095781991253105,2.5498917160321897,89.00216567935621
10.098989963300182,8,0.9978350968179435,2.9901010036699818,100.19797992660037
10.987673552561912,9,0.8837776120441635,3.401232644743809,111.97534710512383
11.286628930125856,4,0.881290189088634,0.8713371069874143,62.573257860251715
6.8587531827330945,5,0.9611030678203318,1.8141246817266905,63.71750636546619
9.586192647672057,9,0.8646927341095465,3.5413807352327944,109.17238529534411
11.760357824161565,7,0.9239923450297708,2.3239642175838435,93.52071564832313
6.603788361135491,4,0.700541707035568,1.3396211638864508,53.207576722270986
10.774560950790127,6,0.7000723294768498,1.9225439049209874,81.54912190158025
5.488871541195621,9,0.9785159127124017,3.951112845880438,100.97774308239124
7.954986312728793,5,0.8787468200677027,1.7045013687271207,65.90997262545758
10.077261103680376,7,0.735657726462525,2.4922738896319623,90.15452220736076
6.6865697953560925,5,0.7447983151715749,1.8313430204643906,63.373139590712185
8.028978524631698,8,0.508295376229303,3.19710214753683,96.0579570492634
7.056329985072827,6,0.614866794496066,2.2943670014927173,74.11265997014566
13.29626986441512,9,0.7356510940487124,3.170373013558488,116.59253972883025
10.328455510974669,6,0.6468993697262921,1.967154448902533,80.65691102194934
11.13458055570534,6,0.9909080429819777,1.886541944429466,82.26916111141068
9.554649798969692,8,0.5577611101585409,3.044535020103031,99.10929959793938
9.293136502485602,7,0.7527789984955602,2.5706863497514396,88.5862730049712
6.7670516226979345,9,0.5049562995014292,3.8232948377302067,103.53410324539587
9.416325274504274,7,0.6362591936334696,2.5583674725495724,88.83265054900855
8.477015576376754,7,0.6122154337286191,2.6522984423623246,86.95403115275352
11.715847848584673,7,0.8025446625966219,2.3284152151415327,93.43169569716935
12.282203733315146,7,0.9436094728046511,2.2717796266684855,94.56440746663029
12.933157431148356,4,0.7832217485964974,0.7066842568851643,65.86631486229672
11.705103878922465,8,0.8220512723247232,2.8294896121077535,103.41020775784493
8.802692126154028,6,0.6399616910584317,2.119730787384597,77.60538425230806
7.768206028079211,7,0.6544332443983827,2.723179397192079,85.53641205615843
11.533326363290172,7,0.7495026213948003,2.3466673636709827,93.06665272658034
10.712585634944578,6,0.7842798317377482,1.9287414365055422,81.42517126988915
6.4629230986459385,6,0.7731644603327992,2.353707690135406,72.92584619729188
10.710963585487539,4,0.630023173285199,0.9289036414512462,61.42192717097508
11.629039644975732,8,0.5729866952285825,2.8370960355024266,103.25807928995147
10.11785117836326,5,0.6841861819861202,1.488214882163674,70.23570235672652
9.629892657981317,9,0.8920597407513624,3.537010734201868,109.25978531596263
8.384703024767289,4,0.798066509868844,1.161529697523271,56.76940604953458
7.106930600873224,5,0.5909365198992624,1.7893069399126775,64.21386120174645
11.600595898680055,4,0.6166088699862342,0.8399404101319945,63.20119179736011
9.381771110456583,8,0.9520961136961028,3.0618228889543415,98.76354222091317
9.533066676912615,8,0.6980939236975916,3.0466933323087386,99.06613335382522
13.465442373838266,5,0.9268504475302408,1.1534557626161732,76.93088474767653
11.369002213718382,7,0.9887355487297596,2.363099778628162,92.73800442743676
10.741650002562205,9,0.6789336496252893,3.4258349997437794,111.4833000051244
10.284123610374472,7,0.5064588413819873,2.4715876389625526,90.56824722074894
13.039989721531546,7,0.863894375296008,2.1960010278468456,96.0799794430631
13.43917861483239,5,0.7427190676672804,1.156082138516761,76.87835722966477
11.859010222959057,7,0.9437109081505803,2.314098977704094,93.71802044591811
11.164449182795849,6,0.584614545193451,1.883555081720415,82.3288983655917
5.8107938575877105,6,0.62162377510631,2.418920614241229,71.62158771517542
10.247443828467013,8,0.7358208678840896,2.975255617153299,100.49488765693403
9.739786091612592,5,0.5678878950091559,1.5260213908387408,69.47957218322519
10.187906458771138,7,0.6801669992040416,2.4812093541228863,90.37581291754228
11.886092174645036,6,0.5077818623654698,1.8113907825354965,83.77218434929007
4.520645665620887,7,0.9008902153926546,3.047935433437911,79.04129133124178
8.86137589305963,9,0.5503520407910958,3.613862410694037,107.72275178611926
10.539808709881523,4,0.7979289718231052,0.9460191290118476,61.079617419763046
9.066308907894475,7,0.6311156565118939,2.5933691092105526,88.13261781578895
7.166187773747481,8,0.515007485627527,3.283381222625252,94.33237554749496
11.737926973793591,4,0.5548475764426615,0.8262073026206409,63.47585394758718
10.553743811692256,5,0.849607583936984,1.4446256188307744,71.10748762338451
8.05779085911103,7,0.9455311571773828,2.694220914088897,86.11558171822206
10.629634409031647,7,0.527338874628462,2.4370365590968355,91.25926881806329
11.643171424099592,4,0.6407183221067485,0.8356828575900408,63.28634284819918
10.010585292598721,8,0.6992158530369665,2.998941470740128,100.02117058519744
11.601129606861994,8,0.9893413107625115,2.8398870393138003,103.20225921372399
10.156520350323323,8,0.7213339737841549,2.9843479649676676,100.31304070064664
9.20954203469129,9,0.9124304382642614,3.579045796530871,108.41908406938258
7.681158967200174,5,0.6405599380334672,1.7318841032799825,65.36231793440035
9.828138466056775,4,0.7340848537637339,1.0171861533943225,59.65627693211355
10.388585876091543,6,0.9129308201577904,1.9611414123908457,80.77717175218308
11.751665523174662,5,0.8843460448469622,1.3248334476825339,73.50333104634933
9.769785063025546,8,0.6192830128613339,3.0230214936974455,99.53957012605109
10.914831212441982,8,0.6263587438877947,2.908516878755802,101.82966242488396
8.070775972532543,7,0.774236492566192,2.6929224027467455,86.14155194506509
8.43474168834495,9,0.9690075023988407,3.656525831165505,106.8694833766899
9.779221401946225,9,0.5599639689879923,3.5220778598053775,109.55844280389245
7.890743072029972,5,0.8860309940162172,1.710925692797003,65.78148614405994
11.640495674649362,4,0.8688002724061059,0.8359504325350637,63.28099134929872
10.926260658637215,8,0.9253878236163233,2.9073739341362783,101.85252131727444
10.558191528784906,6,0.9446001838770183,1.9441808471215094,81.1163830575698
10.67780825043189,7,0.9417127283548525,2.4322191749568107,91.35561650086377
14.042087122969594,4,0.9504579493016034,0.5957912877030405,68.08417424593918
9.062271624066408,4,0.9903524200801003,1.093772837593359,58.12454324813282
5.597117428998884,9,0.6662147703885728,3.9402882571001117,101.19423485799777
10.39860039379293,4,0.9645056643383115,0.9601399606207068,60.797200787585865
9.898792918076667,9,0.97378015574046,3.5101207081923333,109.79758583615333
8.964961914979193,9,0.8240911392647414,3.6035038085020807,107.92992382995838
8.04234028128246,9,0.8322953720356413,3.695765971871754,106.08468056256493
9.121620956395704,7,0.6792792773230766,2.5878379043604296,88.2432419127914
10.362676858435643,6,0.8726519628787212,1.9637323141564356,80.72535371687128
8.994366598714924,8,0.8012804727676165,3.1005633401285078,97.98873319742985
14.824907359087497,7,0.8931594885903262,2.01750926409125,99.649814718175
8.078991236733703,7,0.5767568028774939,2.69210087632663,86.1579824734674
8.413765274584657,6,0.9072963292434097,2.1586234725415343,76.82753054916931
5.422759919970943,4,0.8616908092539716,1.4577240080029057,50.845519839941886
10.502968830043073,8,0.7729726529739613,2.9497031169956927,101.00593766008615
5.96718674440048,5,0.6298582569754548,1.903281325559952,61.93437348880096
8.921090733250997,4,0.5488371024886591,1.1078909266749002,57.842181466502
9.448658930878887,9,0.7424166584533329,3.5551341069121114,108.89731786175777
8.580544068306224,4,0.5723107795372693,1.1419455931693774,57.16108813661245
13.477745354909022,6,0.8808865835840095,1.6522254645090977,86.95549070981804
11.988788782630998,5,0.9622794665876649,1.3011211217369,73.977577565262
12.638273752603151,8,0.9101606517624048,2.7361726247396847,105.27654750520631
8.235162362900162,8,0.6652294547348817,3.176483763709984,96.47032472580032
12.257188129029137,8,0.5730021743182457,2.7742811870970865,104.51437625805828
10.992001892687924,6,0.503956626644799,1.9007998107312076,81.98400378537585
11.54281189735369,9,0.8318290659184303,3.345718810264631,113.08562379470737
12.058877657565535,5,0.5938060396054008,1.2941122342434463,74.11775531513106
8.182473508081895,5,0.8582771620824057,1.6817526491918104,66.3649470161638
9.151364758044197,4,0.787716407249855,1.0848635241955802,58.30272951608839
11.725192022656902,9,0.7350087414731471,3.3274807977343097,113.4503840453138
4.688761814050134,7,0.8837696208096588,3.0311238185949865,79.37752362810026
13.02665616514641,5,0.9905331114701805,1.197334383485359,76.05331233029281
11.106264128415168,8,0.5642970724654859,2.889373587158483,102.21252825683034
9.908592078679531,8,0.7752593440365351,3.009140792132047,99.81718415735907
10.441015311514347,7,0.6566114426576142,2.455898468848565,90.8820306230287
7.940129433382047,7,0.5139776901147219,2.705987056661795,85.8802588667641
9.300113270821791,4,0.5146731334597487,1.069988672917821,58.60022654164358
12.200568676440747,4,0.7888110022948904,0.7799431323559252,64.40113735288149
12.596043944652443,6,0.5414577216018306,1.7403956055347556,85.19208788930489
15.392448105127158,9,0.5219641311411675,2.9607551894872843,120.78489621025432
9.85215066743917,8,0.5864392668643621,3.0147849332560828,99.70430133487834
8.682894066389993,6,0.7299323400819555,2.1317105933610008,77.36578813277998
8.971532068120023,8,0.7503838297397015,3.1028467931879975,97.94306413624005
7.963916249425271,6,0.9576332598697705,2.203608375057473,75.92783249885053
9.844290488118299,4,0.7098345921320834,1.01557095118817,59.688580976236594
10.765464860024537,5,0.5538894070440918,1.4234535139975464,71.53092972004907
9.931515438936092,9,0.6154579622373331,3.5068484561063906,109.86303087787218
12.192693691331597,7,0.9727043431145916,2.2807306308668402,94.3853873826632
9.531568397310927,8,0.797576019093523,3.0468431602689074,99.06313679462185
9.305098695002874,9,0.6776713080765064,3.5694901304997124,108.61019739000575
8.83746304627935,4,0.9463557589598406,1.116253695372065,57.6749260925587
6.734730947531009,4,0.6502871030690918,1.326526905246899,53.46946189506202
6.864464551383092,4,0.940547350051852,1.3135535448616906,53.72892910276619
7.641684138724624,6,0.5605668663137785,2.2358315861275377,75.28336827744926
12.602856143329522,9,0.9691146786147316,3.239714385667048,115.20571228665904
11.79052054577986,7,0.9688431787180307,2.320947945422014,93.58104109155971
12.74992813278598,4,0.6726349245844004,0.7250071867214019,65.49985626557196
7.3355766908109965,6,0.5087743801039866,2.2664423309189003,74.67115338162199
6.062750620427959,4,0.676520717112612,1.393724937957204,52.12550124085592
8.679887359731834,6,0.5904055076173478,2.1320112640268167,77.35977471946367
10.351637906592057,9,0.6330335507218667,3.4648362093407945,110.70327581318412
10.997380549819654,5,0.8128414386345715,1.4002619450180345,71.9947610996393
12.095944311936105,6,0.7215490928224604,1.7904055688063893,84.19188862387222
10.56855934161443,8,0.8681563460596842,2.943144065838557,101.13711868322886
13.485337561311262,7,0.8185185192343818,2.1514662438688736,96.97067512262252
9.554788638103359,6,0.650278602764929,2.044521136189664,79.10957727620672
8.173841563916408,7,0.6619382692660308,2.6826158436083594,86.34768312783282
6.637563569011133,6,0.8990732033257224,2.3362436430988867,73.27512713802227
8.2220572838091,7,0.7660815241111769,2.67779427161909,86.4441145676182
10.484235921970246,9,0.5636902963997154,3.4515764078029756,110.96847184394049
8.222559485292738,5,0.7933615585159857,1.677744051470726,66.44511897058547
11.873484927070514,8,0.5689894693705622,2.8126515072929488,103.74696985414103
12.824655412074886,8,0.9343540825559911,2.717534458792511,105.64931082414978
5.260826189546794,8,0.5646350974656895,3.4739173810453208,90.52165237909358
11.728104600995296,6,0.834704059945686,1.8271895399004703,83.45620920199059
5.5207918826765265,8,0.9484051858321049,3.4479208117323474,91.04158376535305
10.802998110180575,4,0.5490617627254603,0.9197001889819425,61.60599622036115
12.44974112838732,4,0.7651160899575504,0.7550258871612678,64.89948225677463
10.129712212687153,8,0.979045436842582,2.9870287787312844,100.2594244253743
7.440621653591521,9,0.6389713894059792,3.755937834640848,104.88124330718304
8.829137591444455,8,0.6405339699738493,3.1170862408555546,97.65827518288891
9.476709108578198,6,0.7350262000815942,2.05232908914218,78.9534182171564
9.635510432420114,8,0.9738516468626396,3.0364489567579884,99.27102086484022
9.594206318466666,7,0.9005068460792234,2.5405793681533333,89.18841263693334
9.780234441381372,9,0.6355928162546431,3.5219765558618628,109.56046888276275
10.426960097820338,5,0.615792678174568,1.457303990217966,70.85392019564068
7.5828526925335575,6,0.5993083750422237,2.241714730746644,75.16570538506711
9.51596034025956,6,0.7148627498089278,2.048403965974044,79.03192068051912
13.03652234071141,4,0.9039528390524609,0.6963477659288588,66.07304468142283
9.230709153714965,6,0.5761511029843172,2.0769290846285036,78.46141830742994
9.112327813689605,6,0.8085298396319233,2.0887672186310393,78.2246556273792
12.156394607428476,5,0.7361451931447793,1.2843605392571522,74.31278921485695
4.881630667311807,9,0.8231604049436139,4.011836933268819,99.76326133462362
12.36275720257657,7,0.701742599088683,2.263724279742343,94.72551440515315
8.736192483989665,5,0.8799111055940443,1.6263807516010336,67.47238496797934
10.327857144905174,9,0.6605037636809246,3.4672142855094825,110.65571428981035
10.192642711842394,9,0.8610836966479638,3.4807357288157608,110.38528542368479
11.884936238440787,9,0.9798291901688716,3.311506376155921,113.76987247688157
9.464810507529304,7,0.7896208756936143,2.55351894924707,88.92962101505861
8.6439484368711,4,0.8172803339376575,1.1356051563128902,57.2878968737422
12.595691581302198,9,0.7624005998792898,3.24043084186978,115.1913831626044
5.27165236571764,5,0.7429751884875364,1.972834763428236,60.54330473143528
10.040668363410486,5,0.5842734097617339,1.4959331636589515,70.08133672682098
7.30414915474176,5,0.843774478781721,1.7695850845258239,64.60829830948352
8.476853223486883,8,0.8030859319062434,3.1523146776513116,96.95370644697377
14.022513362926274,8,0.7764428802409149,2.597748663707373,108.04502672585255
9.910809147088285,9,0.6532134893484198,3.5089190852911716,109.82161829417657
10.390139394302762,5,0.6972457040350468,1.4609860605697238,70.78027878860553
6.436874288588817,6,0.7165969279227326,2.3563125711411184,72.87374857717764
8.54191068241061,4,0.828742548148107,1.145808931758939,57.08382136482122
10.39311480145757,6,0.8629468133792794,1.960688519854243,80.78622960291514
10.709515386226435,4,0.6564767285550641,0.9290484613773564,61.41903077245287
11.233773108786558,9,0.8073682482683116,3.3766226891213442,112.46754621757312
10.017255797835153,4,0.6851871343458047,0.9982744202164846,60.03451159567031
11.05400841690932,8,0.7426058365265026,2.894599158309068,102.10801683381864
10.907563825271367,4,0.5409587500882513,0.9092436174728633,61.815127650542735
6.340519177990937,5,0.7893388121810893,1.8659480822009062,62.681038355981876
10.074011443820298,5,0.9482210596141278,1.4925988556179701,70.1480228876406
11.535804815465408,9,0.9767026732516741,3.346419518453459,113.07160963093082
11.179759641469039,9,0.667317565585173,3.382024035853096,112.35951928293808
9.27228238005842,4,0.5850630503155432,1.072771761994158,58.54456476011684
8.388746984921264,8,0.9883202979656963,3.1611253015078735,96.77749396984252
7.763376151356736,6,0.8983525009731098,2.223662384864326,75.52675230271348
9.737891976917176,8,0.6465882260912081,3.0262108023082823,99.47578395383435
12.266159759119443,8,0.5022450219865032,2.7733840240880556,104.5323195182389
6.096391797036796,6,0.6321021321120863,2.3903608202963205,72.19278359407359
8.680216540541004,5,0.977472633457342,1.6319783459458996,67.36043308108201
7.720395089146452,9,0.7371333964955462,3.727960491085355,105.4407901782929
11.569915042481,7,0.6471570069388262,2.3430084957519,93.139830084962
8.891380746857399,8,0.6711963579283554,3.11086192531426,97.7827614937148
9.058724683690418,5,0.6145984174847092,1.5941275316309582,68.11744936738083
9.566100860126703,4,0.7826522029052428,1.0433899139873297,59.132201720253406
10.890786501789595,8,0.608583532066121,2.9109213498210407,101.78157300357918
9.215222003700726,8,0.8479457763572416,3.0784777996299275,98.43044400740145
3.9077138904001467,4,0.7363815564013495,1.6092286109599854,47.81542778080029
11.086623782775039,7,0.5795049037046978,2.3913376217224958,92.17324756555007
10.878085915344085,7,0.9942031707899104,2.412191408465591,91.75617183068817
9.560917943337573,6,0.6988648815598708,2.0439082056662428,79.12183588667514
7.831926758656131,9,0.6947198337536012,3.716807324134387,105.66385351731226
10.703560221362716,4,0.7214267244314411,0.9296439778637284,61.40712044272543
10.758471067071174,5,0.6087855488974805,1.4241528932928826,71.51694213414234
9.05993423459825,5,0.9814136542638812,1.594006576540175,68.1198684691965
9.566537058848922,7,0.7122495275691736,2.543346294115108,89.13307411769784
8.139686994951358,6,0.7930816968636194,2.1860313005048644,76.27937398990272
9.642821815825341,9,0.6696104091933222,3.535717818417466,109.28564363165069
6.899141309833038,6,0.7402788467785266,2.3100858690166963,73.79828261966608
10.83463764206367,5,0.9520452109087523,1.4165362357936329,71.66927528412734
8.111263018351412,9,0.5838067581718632,3.688873698164859,106.22252603670282
10.476206295664625,9,0.8967007935066166,3.4523793704335377,110.95241259132925
7.188074167464201,6,0.7310682028938671,2.28119258325358,74.3761483349284
8.81988470826092,9,0.6284705925854043,3.618011529173908,107.63976941652184
9.779021189868145,7,0.8432348799671938,2.5220978810131855,89.55804237973629
6.678600376261473,7,0.6221662875145794,2.832139962373853,83.35720075252294
10.230295746280184,6,0.5766872237986406,1.9769704253719815,80.46059149256037
9.241704874240154,7,0.6650780739703952,2.5758295125759845,88.48340974848031
6.515287604381539,9,0.6464414650562943,3.848471239561846,103.03057520876308
7.393514491775369,7,0.8651848818536627,2.760648550822463,84.78702898355074
11.210240168164333,6,0.8830023711728655,1.8789759831835666,82.42048033632867
11.791111971102648,7,0.5529159113162632,2.320888802889735,93.5822239422053
9.736182720440066,4,0.8839400772561594,1.0263817279559935,59.47236544088013
10.809523624080995,7,0.6282841978443707,2.4190476375919,91.61904724816199
10.447687126625821,8,0.6132781044869335,2.955231287337418,100.89537425325165
10.659245964255476,5,0.852876181872767,1.4340754035744523,71.31849192851095
12.571968014160586,4,0.9368761545916356,0.7428031985839414,65.14393602832118
6.986003203571456,6,0.8036207746426746,2.3013996796428544,73.97200640714291
11.352921464723247,5,0.9695652525332299,1.3647078535276753,72.70584292944649
9.23598208884436,8,0.8327132154853043,3.076401791115564,98.47196417768872
9.55148213149672,5,0.9273227336338395,1.544851786850328,69.10296426299344
9.39550053908986,7,0.7603110950739843,2.560449946091014,88.79100107817972
9.249705766677433,5,0.9428603107522949,1.5750294233322566,68.49941153335487
7.547607616433962,6,0.557573974002586,2.2452392383566036,75.09521523286793
10.366678398515203,7,0.693200520413042,2.4633321601484797,90.73335679703041
13.341886065577715,7,0.6447052343142442,2.1658113934422287,96.68377213115542
9.887733959102485,8,0.5746179235377054,3.0112266040897513,99.77546791820497
9.99722991452981,9,0.5747069598929508,3.500277008547019,109.99445982905962
8.625401925686672,5,0.7214321473815902,1.6374598074313327,67.25080385137335
9.765050907163777,9,0.721217766749431,3.523494909283622,109.53010181432755
10.932332852068061,8,0.9553558731634328,2.9067667147931937,101.86466570413612
9.259515118591315,7,0.9705451461373582,2.5740484881408685,88.51903023718263
9.092391917895998,7,0.509538298280098,2.5907608082104003,88.18478383579199
10.806529080326493,8,0.6295673624215616,2.9193470919673503,101.61305816065298
8.163990460361909,7,0.504223069591393,2.683600953963809,86.32798092072382
10.504993254153744,9,0.9407063126408681,3.4495006745846255,111.00998650830749
11.640643594522844,9,0.7660550989853165,3.3359356405477154,113.28128718904568
12.719897083358969,5,0.5805672802673203,1.228010291664103,75.43979416671795
9.819235985446106,4,0.9152365509957033,1.0180764014553894,59.63847197089221
12.735194479613426,9,0.5358706631272349,3.226480552038657,115.47038895922685
12.068819772963035,8,0.9268124122121906,2.7931180227036965,104.13763954592608
8.007574719257867,6,0.508079408076481,2.199242528074213,76.01514943851573
7.564122976813698,4,0.7274451767328858,1.2435877023186301,55.1282459536274
9.390072724291159,6,0.6769834117830774,2.060992727570884,78.78014544858232
12.057870985189709,7,0.8244993316314235,2.2942129014810293,94.11574197037942
9.85542598487999,4,0.7751080087378764,1.0144574015120011,59.71085196975998
8.798684884684423,7,0.6769031153898815,2.6201315115315578,87.59736976936884
13.104486360097122,7,0.9930293249368614,2.1895513639902875,96.20897272019424
10.573808976006692,9,0.7146718977564313,3.4426191023993304,111.14761795201338
5.358811448418517,8,0.7423479800652784,3.4641188551581483,90.71762289683703
10.634321252585378,6,0.8144052295331465,1.936567874741462,81.26864250517076
11.040081229141736,9,0.5495803259668008,3.3959918770858266,112.08016245828347
10.451217308942208,5,0.9407102319481708,1.454878269105779,70.90243461788441
10.899424200463985,8,0.783001309965926,2.9100575799536017,101.79884840092797
9.865448782154036,8,0.8378446063164852,3.013455121784596,99.73089756430807
7.363208260710532,6,0.9613198257805884,2.2636791739289466,74.72641652142106
9.258591993559094,8,0.8211705028630287,3.0741408006440905,98.51718398711819
8.108768408887418,6,0.5358672573577296,2.1891231591112583,76.21753681777483
8.134518178411245,8,0.5417892683453882,3.1865481821588757,96.26903635682248
7.473863301795449,4,0.7841156331488699,1.252613669820455,54.947726603590894
10.904978185279292,6,0.5583326082703728,1.9095021814720707,81.80995637055858
10.195792290825255,5,0.5214422409919082,1.4804207709174746,70.3915845816505
9.103669274638584,9,0.6918309936647917,3.5896330725361416,108.20733854927717
8.701324144539225,8,0.9890562108308836,3.1298675855460774,97.40264828907846
9.953153789957096,9,0.7748551244361279,3.5046846210042903,109.9063075799142
12.158389456224977,4,0.9424059468089709,0.7841610543775022,64.31677891244996
5.99156856900217,9,0.7264277898176676,3.9008431430997828,101.98313713800434
10.753753041701785,5,0.9653277285287021,1.4246246958298214,71.50750608340357
8.908576051964435,8,0.5149572723377703,3.1091423948035564,97.81715210392886
6.230828310041105,8,0.8597250555178625,3.3769171689958895,92.46165662008221
6.108593833672082,9,0.9776789442018197,3.8891406166327918,102.21718766734416
8.174433011729416,9,0.7347833660546756,3.6825566988270584,106.34886602345884
10.43901911158609,9,0.6269275235087158,3.456098088841391,110.87803822317218
10.786125867960184,7,0.8257521111681547,2.4213874132039814,91.57225173592036
8.12203685464443,8,0.6909870414348349,3.1877963145355572,96.24407370928886
12.034041982826489,5,0.6692711350242526,1.2965958017173511,74.06808396565297
12.845966993032212,5,0.6786939338377677,1.2154033006967788,75.69193398606443
10.79217316991312,4,0.705834710671009,0.920782683008688,61.58434633982624
8.817194664383779,7,0.7254475995869493,2.618280533561622,87.63438932876755
12.248838369020737,4,0.5833523335181366,0.7751161630979262,64.49767673804148
11.510791391326677,4,0.8381368792572639,0.8489208608673322,63.021582782653354
11.734814822709836,8,0.9200990452806144,2.826518517729016,103.46962964541967
8.687072650056937,4,0.8671460390664449,1.1312927349943063,57.374145300113874
4.330890989450595,6,0.7097926345030642,2.5669109010549405,68.66178197890119
14.23358204296735,7,0.5830681874881181,2.0766417957032646,98.4671640859347
6.778243193100133,8,0.8559096062476862,3.3221756806899867,93.55648638620026
9.928463856279558,6,0.526329606645633,2.007153614372044,79.85692771255911
14.7614907024395,5,0.7509731866159612,1.0238509297560499,79.522981404879
10.661153512548747,7,0.9748980172963082,2.433884648745125,91.3223070250975
11.898492947116472,5,0.6757477780950086,1.3101507052883528,73.79698589423295
6.995206861236575,9,0.8668369926096895,3.8004793138763424,103.99041372247315
6.444666090532587,5,0.967353290245236,1.855533390946741,62.88933218106517
8.934594416040891,8,0.5580853771179606,3.1065405583959107,97.86918883208179
12.181499468869,6,0.8045754085237475,1.7818500531131,84.362998937738
9.30750110470538,7,0.7815744353567688,2.5692498895294618,88.61500220941076
8.410727357857002,8,0.7467914048148268,3.1589272642142996,96.821454715714
10.395934579889936,4,0.755526949805623,0.9604065420110064,60.79186915977987
12.16387043695453,7,0.6993938048109576,2.283612956304547,94.32774087390906
7.110119601853256,8,0.5678464241299988,3.2889880398146745,94.22023920370651
7.578914011753296,7,0.6050604142373674,2.7421085988246703,85.1578280235066
8.422661490981268,7,0.5281857683138805,2.6577338509018733,86.84532298196254
12.189276749424183,8,0.915552130884542,2.7810723250575817,104.37855349884836
10.469643051897464,5,0.5076026557126507,1.4530356948102536,70.93928610379493
14.264306821140888,5,0.6135927901952798,1.0735693178859111,78.52861364228178
11.872891451662232,8,0.9212301059640817,2.8127108548337767,103.74578290332447
9.92980964626066,7,0.958011684816735,2.507019035373934,89.85961929252132
12.530155676177532,5,0.6617390392461509,1.2469844323822468,75.06031135235506
10.422994025463757,6,0.8413776755554183,1.9577005974536243,80.84598805092752
8.59015729498511,4,0.5132466310062725,1.140984270501489,57.18031458997022
11.359949688490204,4,0.9693356951236031,0.8640050311509795,62.71989937698041
8.607346692277835,6,0.6058781989260169,2.1392653307722167,77.21469338455567
9.419205798392266,6,0.5750456704793812,2.0580794201607735,78.83841159678454
12.655565391915966,6,0.5458680729424401,1.7344434608084034,85.31113078383193
9.797437027565202,7,0.8344404368030269,2.52025629724348,89.5948740551304
8.393717225316744,5,0.6661186578314067,1.6606282774683256,66.78743445063348
9.071324617129017,6,0.7634468366891236,2.0928675382870985,78.14264923425803
12.043581171177346,8,0.9913716412641174,2.7956418828822653,104.08716234235469
8.894918653166542,9,0.5625418833747631,3.6105081346833456,107.78983730633308
9.226258306298707,4,0.7846331205198969,1.0773741693701293,58.452516612597414
8.979414520732742,4,0.6456906018268032,1.1020585479267258,57.958829041465485
10.36785098868062,6,0.7803101974960083,1.963214901131938,80.73570197736124
9.229020479248783,5,0.9348586037832332,1.5770979520751216,68.45804095849756
6.7963279020549265,6,0.8366996928692664,2.320367209794507,73.59265580410985
8.22563811630992,8,0.9704853502879054,3.177436188369008,96.45127623261985
8.134421916987124,6,0.871656149398892,2.1865578083012878,76.26884383397424
12.48663876891031,7,0.7551435087962315,2.2513361231089686,94.97327753782062
11.625348084218086,6,0.5693635123714704,1.8374651915781914,83.25069616843618
11.174518758799652,7,0.5518801739592745,2.382548124120035,92.3490375175993
8.98928336547118,5,0.6598075227625303,1.6010716634528819,67.97856673094236
8.368416916012057,9,0.677842779431292,3.663158308398794,106.73683383202412
8.984964796685286,5,0.9103625700340615,1.6015035203314714,67.96992959337058
7.896239794896652,8,0.7517988727711211,3.210376020510335,95.7924795897933
14.994400783174015,5,0.7604121360526439,1.0005599216825984,79.98880156634803
5.509356703257196,7,0.9985898043292085,2.9490643296742802,81.0187134065144
11.128017070147617,5,0.816977945913042,1.3871982929852382,72.25603414029524
7.4308954040149455,7,0.7915709532929409,2.7569104595985054,84.8617908080299
9.791313017010614,8,0.9141334685373793,3.020868698298939,99.58262603402123
8.023996115012531,7,0.5760262823043968,2.697600388498747,86.04799223002506
7.644742075034738,6,0.9304148970785779,2.235525792496526,75.28948415006948
7.719607398130076,5,0.6328542699365591,1.7280392601869923,65.43921479626016
13.509972307484118,4,0.64584744656125,0.6490027692515881,67.01994461496824
9.734023155380816,6,0.8385754457776121,2.0265976844619185,79.46804631076164
8.468595611043828,9,0.5605807284449121,3.6531404388956172,106.93719122208765
11.111573928165747,7,0.5897164814512406,2.3888426071834252,92.2231478563315
10.020698629132598,9,0.9850539348452336,3.4979301370867404,110.04139725826519
11.440067518683305,9,0.8134133434175164,3.3559932481316697,112.88013503736661
6.35148668812434,9,0.6269859488271037,3.864851331187566,102.70297337624868
10.607207808924002,6,0.9498733689874987,1.9392792191075998,81.214415617848
11.545389674204763,6,0.6747788878836538,1.8454610325795235,83.09077934840953
6.676803417770873,6,0.5773616594676788,2.3323196582229127,73.35360683554174
10.896390568846625,6,0.9901610170185826,1.9103609431153374,81.79278113769325
13.392363145656322,7,0.5579246633969122,2.1607636854343677,96.78472629131264
9.970284593290595,5,0.7864978785060496,1.5029715406709405,69.94056918658119
11.642811874049622,5,0.8750373054090412,1.3357188125950377,73.28562374809924
11.34114090062182,6,0.9656962950016152,1.865885909937818,82.68228180124365
8.584988604978847,4,0.5550155000240266,1.1415011395021153,57.16997720995769
10.07953346917299,5,0.763902614437718,1.492046653082701,70.15906693834597
6.866010578276795,7,0.5662586659430452,2.8133989421723204,83.73202115655359
9.097393925794949,7,0.8860236747596777,2.5902606074205052,88.1947878515899
10.531375949932471,5,0.6021461967545935,1.446862405006753,71.06275189986494
11.446200987475596,7,0.6133526313566424,2.3553799012524403,92.89240197495118
10.049224250495824,7,0.9992220222186303,2.4950775749504173,90.09844850099165
11.439967460286331,8,0.9225952178238481,2.856003253971367,102.87993492057267
7.7941875740892606,7,0.825268988718062,2.720581242591074,85.58837514817853
9.796605450890256,5,0.8202589084384597,1.5203394549109743,69.59321090178051
10.038558769026155,5,0.7990330512142092,1.4961441230973844,70.0771175380523
13.699182493359274,9,0.976052881905232,3.130081750664073,117.39836498671855
9.571666687599832,9,0.9293749553218575,3.5428333312400166,109.14333337519966
9.001966724011634,4,0.8053609733812694,1.0998033275988366,58.00393344802327
10.042702447687097,6,0.5683144818661228,1.9957297552312903,80.0854048953742
8.161773110260112,5,0.684380423623989,1.6838226889739887,66.32354622052023
10.385507698130432,7,0.9807771552513818,2.4614492301869566,90.77101539626086
9.269889566907485,9,0.560769116317366,3.5730110433092515,108.53977913381497
6.417344903917632,9,0.5495817257113997,3.8582655096082368,102.83468980783526
9.882826897732278,4,0.5154812171825398,1.0117173102267722,59.76565379546456
9.364913812139601,8,0.8112424371302998,3.06350861878604,98.72982762427921
6.7351533958640335,9,0.6575953222751869,3.8264846604135965,103.47030679172806
9.865731690770957,4,0.9513631932550599,1.0134268309229042,59.731463381541914
12.97871192414896,7,0.9855773722389014,2.2021288075851038,95.95742384829792
11.042607496551428,5,0.6323280380605563,1.3957392503448571,72.08521499310285
11.223854385462316,4,0.9332265463113807,0.8776145614537685,62.447708770924635
7.317006548833914,7,0.6823397960202741,2.7682993451166085,84.63401309766783
10.953796737844446,8,0.6268036895325031,2.9046203262155554,101.90759347568888
10.296899162760155,9,0.798443901835838,3.4703100837239846,110.59379832552031
11.058090476668863,4,0.9563353104731536,0.8941909523331137,62.116180953337725
10.84525724341765,7,0.5675550486169382,2.4154742756582346,91.6905144868353
7.280438548992373,6,0.6253709136923342,2.271956145100763,74.56087709798474
9.917198376884064,5,0.5185222933949467,1.5082801623115936,69.83439675376813
8.484258279149667,7,0.6511140361827263,2.6515741720850334,86.96851655829934
9.899831811430357,6,0.8561041570125002,2.0100168188569643,79.79966362286072
8.20519814619634,5,0.5513671499826616,1.679480185380366,66.41039629239268
12.624940734281992,9,0.649583246978048,3.2375059265718007,115.24988146856398
8.282055223111316,5,0.7764826623383729,1.6717944776888682,66.56411044622263
8.202115687068929,5,0.8955643032695669,1.679788431293107,66.40423137413785
10.149172813087107,6,0.9946026368346795,1.9850827186912892,80.29834562617421
7.84580186119201,4,0.7130866269835336,1.215419813880799,55.691603722384016
9.150673395134268,9,0.7608910328491076,3.584932660486573,108.30134679026854
8.340070804924077,6,0.9364607692975885,2.1659929195075924,76.68014160984815
12.822344127779223,6,0.7342896741428433,1.7177655872220776,85.64468825555845
11.571607653662346,7,0.6069303420846344,2.3428392346337654,93.1432153073247
9.885060963069211,7,0.9447351420263559,2.511493903693079,89.77012192613842
9.217565895651967,8,0.8646798612774722,3.078243410434803,98.43513179130393
11.881835229150226,6,0.6884712207809556,1.8118164770849774,83.76367045830045
10.810408160645776,6,0.7438125303152207,1.9189591839354223,81.62081632129156
10.996104809365713,8,0.6009190667055968,2.9003895190634283,101.99220961873142
9.947615525311498,6,0.5227228211859635,2.0052384474688503,79.895231050623
6.623539944457136,6,0.6616452638212291,2.3376460055542863,73.24707988891427
9.775068034880894,8,0.8170420725110745,3.0224931965119106,99.55013606976179
8.935020161581864,8,0.6413601215716134,3.1064979838418134,97.87004032316372
11.290110546919754,8,0.992632478557594,2.8709889453080244,102.58022109383951
12.023684865988379,5,0.5506590855645972,1.297631513401162,74.04736973197676
8.684097910477663,7,0.8225231984927452,2.631590208952234,87.36819582095532
10.936770468554103,8,0.773099483748168,2.9063229531445893,101.8735409371082
13.471757995371426,5,0.5016006992546093,1.1528242004628573,76.94351599074285
8.664574558858883,9,0.9201923358383364,3.633542544114112,107.32914911771776
13.363843480146276,7,0.7037342414448107,2.1636156519853724,96.72768696029254
8.294828305658706,8,0.7571170895781498,3.170517169434129,96.58965661131741
10.045919511215903,9,0.8626842274511759,3.4954080488784096,110.0918390224318
9.977708776316318,6,0.8616868103566993,2.002229122368368,79.95541755263264
10.022997799740125,6,0.8986306349430406,1.9977002200259875,80.04599559948025
8.32464391618411,7,0.5571704989811362,2.667535608381589,86.64928783236822
8.81763379247114,4,0.9826917363990568,1.118236620752886,57.635267584942284
8.664559427281201,7,0.9350932922124318,2.63354405727188,87.32911885456241
10.653925190808915,5,0.9425659781426475,1.4346074809191085,71.30785038161783
10.660070229020624,6,0.8255679268449957,1.9339929770979376,81.32014045804125
14.451888663476517,9,0.6446863784901518,3.0548111336523482,118.90377732695303
12.741978012582242,9,0.8520270784475334,3.2258021987417758,115.48395602516449
8.980313515723042,6,0.8866205167153121,2.101968648427696,77.96062703144608
10.649739231592372,8,0.6146230933640279,2.9350260768407628,101.29947846318474
11.994235961583518,5,0.9276456725038242,1.300576403841648,73.98847192316704
10.061203648677036,4,0.7453092500295203,0.9938796351322963,60.12240729735407
9.860716843106129,5,0.6164121462090684,1.513928315689387,69.72143368621227
10.103149885539779,5,0.9832070995979635,1.489685011446022,70.20629977107956
11.734553257616856,5,0.9612961069430142,1.3265446742383145,73.4691065152337
8.303358954389536,5,0.8582687098434683,1.6696641045610465,66.60671790877907
9.348661062359652,4,0.7702078716247638,1.0651338937640347,58.69732212471931
10.940866289692964,5,0.6835478491811438,1.4059133710307035,71.88173257938593
10.622894143108311,4,0.941135711197776,0.9377105856891688,61.24578828621662
10.479165519712783,7,0.8867392514930081,2.4520834480287217,90.95833103942556
9.260397667392393,9,0.8836175750996036,3.5739602332607605,108.5207953347848
11.945071578285074,5,0.7534193747783422,1.3054928421714926,73.89014315657015
14.267736494409075,8,0.5204754731209992,2.5732263505590924,108.53547298881816
10.812830987352413,4,0.77910047311686,0.9187169012647587,61.625661974704826
9.61364659690032,9,0.9239709390563924,3.538635340309968,109.22729319380065
11.511480577789085,9,0.7536275610988883,3.348851942221091,113.02296115557817
8.92173472649402,4,0.8709533611592646,1.107826527350598,57.84346945298804
8.500619310594207,9,0.7363793708304769,3.649938068940579,107.0012386211884
10.065617495227423,5,0.7798572857747941,1.4934382504772576,70.13123499045484
4.834406734060111,8,0.5230697688899058,3.5165593265939887,89.66881346812022
7.692099272695981,9,0.6551900506017692,3.730790072730402,105.38419854539197
9.304076288158308,9,0.9490929069738419,3.5695923711841693,108.60815257631661
7.293222283704573,8,0.6543757256186327,3.2706777716295425,94.58644456740915
7.934713796215741,5,0.7267808398790245,1.706528620378426,65.86942759243148
9.126503325083986,8,0.7848385291460334,3.0873496674916012,98.25300665016798
6.714069412938782,4,0.8827315973708174,1.3285930587061219,53.42813882587757
9.187856407480336,9,0.6240658525433613,3.5812143592519665,108.37571281496068
8.92945967093431,5,0.5363389396903349,1.6070540329065688,67.85891934186861
10.050810416770032,5,0.9298698277342381,1.4949189583229967,70.10162083354007
12.308368060988037,5,0.8570931469293537,1.2691631939011963,74.61673612197607
10.345008832985732,7,0.8856905285959192,2.4654991167014266,90.69001766597147
10.042124042684128,5,0.5854097466223542,1.4957875957315871,70.08424808536826
10.198908914061423,6,0.736221997777572,1.9801091085938576,80.39781782812284
10.454785550242256,6,0.7279789201939755,1.9545214449757744,80.90957110048451
7.966522702780463,4,0.7516864549004534,1.2033477297219537,55.933045405560925
9.770449350458403,7,0.9591464026630798,2.52295506495416,89.54089870091681
10.617502483673226,7,0.9958438886278616,2.4382497516326773,91.23500496734646
7.2584800349138785,8,0.515822880371845,3.2741519965086123,94.51696006982776
11.731305845631706,5,0.5921668164006963,1.3268694154368295,73.46261169126342
12.16275206891638,6,0.920278595565551,1.783724793108362,84.32550413783275
8.737248023101223,7,0.5437858877785906,2.6262751976898775,87.47449604620245
9.517324417093791,6,0.9877560919147517,2.048267558290621,79.03464883418758
8.243619314379854,6,0.8522061065474785,2.1756380685620145,76.48723862875971
11.398760967175635,5,0.5056960282137293,1.3601239032824364,72.79752193435127
7.877555425108182,6,0.8490005823785816,2.2122444574891817,75.75511085021637
9.55504597951416,4,0.6543099795256426,1.044495402048584,59.110091959028324
8.282160184384656,4,0.7507255871186017,1.1717839815615343,56.564320368769316
10.101908554022579,7,0.5698537568360087,2.489809144597742,90.20381710804516
6.411541457020558,7,0.8017560219968614,2.858845854297944,82.82308291404112
12.652923284731386,8,0.6067026618790449,2.734707671526861,105.30584656946277
8.070787151587473,6,0.6414126764037538,2.192921284841253,76.14157430317495
10.119789366232553,7,0.8480289796792191,2.4880210633767446,90.2395787324651
9.574953910459381,5,0.5994050271465363,1.542504608954062,69.14990782091877
8.475770976155005,7,0.6443949684278762,2.6524229023844996,86.95154195231001
8.224439726728129,4,0.5434428354011356,1.1775560273271872,56.44887945345626
11.872797087104919,6,0.8001958535064109,1.812720291289508,83.74559417420984
8.94871881379612,4,0.6199460150448151,1.1051281186203878,57.89743762759224
10.542340369274623,7,0.9407744196489534,2.445765963072538,91.08468073854925
8.39700622921125,7,0.7956836608911564,2.660299377078875,86.7940124584225
8.705637136304478,4,0.6108781203666405,1.1294362863695522,57.411274272608956
10.944494300175698,9,0.5036435985454555,3.40555056998243,111.8889886003514
11.860816992222233,8,0.5583709518379978,2.8139183007777766,103.72163398444447
9.64936719534596,8,0.6152652896137966,3.035063280465404,99.29873439069192
7.156160256719126,7,0.7762560263168513,2.7843839743280876,84.31232051343825
13.995912159500008,8,0.5965242670211394,2.600408784049999,107.99182431900002
8.286901383531582,4,0.8413515138121741,1.1713098616468418,56.573802767063164
6.916825200656425,6,0.5443886515110086,2.3083174799343573,73.83365040131285
15.188849175536305,7,0.6998659288918296,1.9811150824463695,100.37769835107261
9.191935412298125,5,0.6182939226468884,1.5808064587701876,68.38387082459624
7.076534623477183,9,0.9014305389818008,3.7923465376522816,104.15306924695437
8.633120466422636,8,0.5639764479159652,3.1366879533577365,97.26624093284528
10.735089792044539,8,0.5603002456666366,2.926491020795546,101.47017958408908
10.380623115187879,5,0.8907603276352726,1.461937688481212,70.76124623037576
8.29654160549282,9,0.675893240137375,3.670345839450718,106.59308321098564
13.64544720025592,5,0.8936204298439501,1.135455279974408,77.29089440051183
8.956840644013253,9,0.8323468837299672,3.6043159355986747,107.91368128802651
7.6306268191768964,4,0.5441052465521281,1.2369373180823104,55.26125363835379
11.92138679692132,9,0.9855245825554644,3.307861320307868,113.84277359384264
12.658125693079365,4,0.9652336001797228,0.7341874306920635,65.31625138615873
8.365013804767546,8,0.9009237129058243,3.1634986195232453,96.73002760953509
7.197305413921379,9,0.9191867837234553,3.780269458607862,104.39461082784275
12.060876534831209,6,0.810259991782668,1.793912346516879,84.12175306966242
5.9053527738840765,4,0.9600281526736899,1.4094647226115922,51.81070554776815
7.5467566812067695,9,0.7078937565234569,3.7453243318793232,105.09351336241355
11.93489230010047,4,0.9467120768183326,0.806510769989953,63.869784600200944
9.889294903955221,7,0.7291371502013511,2.511070509604478,89.77858980791044
9.472125302814625,9,0.8908905192849799,3.5527874697185373,108.94425060562925
10.705633212988756,7,0.7377998480516238,2.4294366787011246,91.41126642597752
9.694451152909183,4,0.8486082440695568,1.0305548847090815,59.38890230581836
7.4026265556738196,6,0.7163192298494349,2.259737344432618,74.80525311134764
12.552150692012376,8,0.6905987184924867,2.7447849307987626,105.10430138402475
12.65002810577363,5,0.8260145908923789,1.2349971894226368,75.30005621154726
10.41066512755592,9,0.8908884244933821,3.458933487244408,110.82133025511183
10.09026803086402,4,0.5407274977433761,0.990973196913598,60.18053606172804
14.679249612040117,6,0.63204502357711,1.5320750387959883,89.35849922408023
9.447134309968325,6,0.7943224282853173,2.0552865690031674,78.89426861993665
9.480846036331922,6,0.6469437135095579,2.051915396366808,78.96169207266385
10.72896249848101,4,0.7905086987577659,0.9271037501518988,61.45792499696202
12.942643912284677,4,0.9966970687131873,0.7057356087715323,65.88528782456936
13.185541508834968,9,0.9425511845395347,3.1814458491165034,116.37108301766993
9.482854736646457,9,0.7888357596747132,3.5517145263353544,108.96570947329292
10.61666249191869,6,0.5341502711822272,1.9383337508081309,81.23332498383738
7.243833065871845,6,0.9114308773351039,2.2756166934128155,74.4876661317437
9.376047784167573,9,0.9758163234918275,3.562395221583243,108.75209556833515
8.319419209041387,4,0.5638920179262779,1.1680580790958612,56.63883841808277
7.986336495402032,8,0.8094950725680603,3.201366350459797,95.97267299080406
13.363153432534656,4,0.5741240602789355,0.6636846567465344,66.72630686506932
8.41542667638771,7,0.555660102545508,2.658457332361229,86.83085335277542
8.93678818397709,6,0.6834747328945007,2.106321181602291,77.87357636795417
10.731697575833717,8,0.6264785574996197,2.926830242416628,101.46339515166744
12.595650533947172,5,0.8679927571291,1.2404349466052826,75.19130106789434
10.96223025277767,4,0.613099166445547,0.9037769747222328,61.924460505555345
15.518710228043165,6,0.9231563365223503,1.4481289771956833,91.03742045608632
9.850664043497702,4,0.6202774474192176,1.0149335956502297,59.7013280869954
10.517432880459491,5,0.8297089170481873,1.4482567119540508,71.03486576091899
10.551201347968112,4,0.5873787514484133,0.9448798652031887,61.10240269593622
12.87009877357831,8,0.7909283080786015,2.712990122642169,105.74019754715661
11.01447790221923,5,0.7519010502888084,1.398552209778077,72.02895580443845
9.767540599225702,7,0.7856902884389976,2.52324594007743,89.53508119845141
8.105022810186242,7,0.6924693199235779,2.689497718981376,86.21004562037248
10.488886911923265,6,0.9651528627674395,1.9511113088076735,80.97777382384653
12.80268966258392,7,0.6552538970868695,2.219731033741608,95.60537932516783
9.17923641268426,4,0.9540632134658705,1.082076358731574,58.35847282536852
11.057887236833164,8,0.8735497947518592,2.8942112763166836,102.11577447366633
10.492295577369688,7,0.6831945188525232,2.450770442263031,90.98459115473938
11.72703931676263,6,0.7292986393347526,1.827296068323737,83.45407863352526
8.390492518724262,4,0.936398575335073,1.1609507481275738,56.780985037448524
14.693294061053123,6,0.5902352710794851,1.5306705938946876,89.38658812210625
7.441677785943483,6,0.5771340012732671,2.255832221405652,74.88335557188697
9.268897820027926,8,0.7836893013067019,3.0731102179972076,98.53779564005585
11.876185081811292,9,0.9908384581884886,3.3123814918188708,113.75237016362259
10.593466344988226,8,0.7499370362367936,2.940653365501177,101.18693268997646
11.659972318162206,6,0.8076028566128581,1.8340027681837794,83.31994463632441
9.007795332034876,6,0.812907318266076,2.0992204667965124,78.01559066406975
9.850390034639318,7,0.8449870383700788,2.514960996536068,89.70078006927864
10.024463967277635,7,0.8369012852608885,2.4975536032722365,90.04892793455527
13.13851922907181,5,0.937640963066964,1.186148077092819,76.27703845814362
11.380858048766099,9,0.7164980884575776,3.36191419512339,112.7617160975322
11.593344216729342,8,0.9735017010350149,2.840665578327066,103.18668843345868
8.68414781492641,9,0.8891151274163315,3.631585218507359,107.36829562985282
11.937765277126102,7,0.6371121327120333,2.3062234722873898,93.87553055425221
10.451163327137607,6,0.6446709608196115,1.9548836672862393,80.90232665427521
12.778290631355855,7,0.6992888222477032,2.2221709368644147,95.55658126271172
14.028120309836936,5,0.9854236324021708,1.0971879690163062,78.05624061967387
9.38646844794599,7,0.5117051163239803,2.561353155205401,88.77293689589197
9.187393739109876,6,0.5401471775084985,2.0812606260890125,78.37478747821976
8.27191001779526,7,0.7174681183267753,2.672808998220474,86.54382003559053
9.712840976567358,7,0.7983416527814879,2.528715902343264,89.42568195313471
9.235949102099234,8,0.9700702989027583,3.0764050897900765,98.47189820419847
10.71900879914202,8,0.897215541930459,2.9280991200857978,101.43801759828403
9.710866366132528,5,0.5190869013063267,1.528913363386747,69.42173273226506
9.27680143843676,5,0.5485692616738407,1.5723198561563239,68.55360287687353
12.129170272255703,7,0.5771817234709671,2.2870829727744297,94.25834054451141
8.124239537697097,8,0.8983003044488759,3.1875760462302902,96.24847907539419
10.866215906302687,8,0.6653824945950311,2.9133784093697312,101.73243181260537
9.188116545623034,7,0.899466849120697,2.5811883454376967,88.37623309124606
11.44873700973993,9,0.5023516281137002,3.355126299026007,112.89747401947986
12.77052309344446,8,0.7803524072009476,2.7229476906555536,105.54104618688892
9.393803493151854,4,0.8147198486837026,1.0606196506848145,58.78760698630371
10.882065814546303,6,0.7582410807933904,1.9117934185453695,81.7641316290926
10.35758573146636,9,0.910743227122276,3.4642414268533637,110.71517146293272
8.401155200913808,4,0.6879384734388768,1.1598844799086192,56.80231040182761
10.481575019483877,4,0.8039684014488568,0.9518424980516123,60.963150038967754
10.578241010557624,4,0.5575387029775811,0.9421758989442375,61.15648202111525
10.82574164089235,8,0.8832503838152923,2.917425835910765,101.65148328178469
9.603202206359908,7,0.5633668378924788,2.5396797793640093,89.20640441271982
10.188384600620292,9,0.8784105048156057,3.481161539937971,110.37676920124059
7.704778110313729,9,0.658583278540146,3.729522188968627,105.40955622062745
9.283771849040287,9,0.5073229455735223,3.5716228150959712,108.56754369808057
